occurred_at_iso,type,severity,title,description,lat,lng,source_name,source_url
2026-09-30T10:44:57.000Z,ship_incident,high,Tanker hit by projectile in Hormuz amid Iran-US tensions,,,,Yeni Şafak English,https://news.google.com/rss/articles/CBMimwFBVV95cUxNN1hFc015dHRKODQtWEhRRTRrRkNSdmtObmtBR2s0UVhRSVpwY1B4X3BKWE9lQXdEdHF3SWRUWUNmMHh6d196TUh4b3Vfa2xOSWpTaUg1MEQ4SnRlZmY0UHUxMXFCUnd0WG03Q1Q3RHppN0hPZ1Jsd0o0N2luZ1lhVkp0OTIxYXpCclBUaDF5Zmx3cHQwV203Y0VxSQ?oc=5
2026-09-30T10:53:27.000Z,ship_incident,medium,Iran Army commander highlights maritime sector’s role in economic resilience,"Tehran, IRNA – Rear Admiral Habibollah Sayyari, deputy chief of the Iranian Army for Coordination, has highlighted the strategic importance of the maritime sector in ensuring the country’s economic resilience and supply chains.",,,IRNA · Tehran state media,https://en.irna.ir/news/86279395/Iran-Army-commander-highlights-maritime-sector-s-role-in-economic
2026-09-30T11:09:45.000Z,ship_incident,medium,Iran’s maritime transport remains active despite sanctions: Official,"Tehran, IRNA – Minister of Roads and Urban Development Farzaneh Sadegh has described maritime transport as an important manifestation of Iran’s economic and diplomatic strength.",,,IRNA · Tehran state media,https://en.irna.ir/news/86279317/Iran-s-maritime-transport-remains-active-despite-sanctions-Official
2026-09-30T11:14:00.000Z,ship_incident,low,"Iran war: Amount of oil, petroleum product going through Strait of Hormuz at 80% of pre-war levels",,,,KHOU,https://news.google.com/rss/articles/CBMijgJBVV95cUxOVmx3UWlqZDZKRVdsaFQyVkR1dEFzMjJ1NHpEcUxSV1lvcTg3ZUs0SEV3OTNGdWR0MEdiN0oxNWhKQUMzaXlKN0h4ZjJWVnNUM3ZLOUtUSHRUV094aEN2TVRsUENKTDN0Q1ZXZ1p5X0VJaWhwYmlCaWxmVEoyaHpmaDZ5aVNoaHJrd2p2b283LVNjeUJtRHBHMWYxS05NZC1QSkdhYlV3QWlac2ZlNXVaby10dUUwbWFVM1hfT3hMX243aktOTjBZSmhfdkRiMFJ4VnpoWnVmUnFGSlcwR2ptTEJ0dGVKaVE2RGMxMWdLbFlabGJJYXJyYzNQUDh5SVgzWWZ0VVgweFg4eTFWeVE?oc=5
2026-09-30T11:18:25.000Z,strike,medium,Maritime body reports new attacks on tankers in Strait of Hormuz,,,,Yahoo,https://news.google.com/rss/articles/CBMimgFBVV95cUxPeU5TQzNOUGczU3piM0ZVSFhRVzNMOUpiVzF3MG9OZGVONXlWVElzN1RaRndkc1U5a2kxSmREOEVtVThCNHpmMkNpREktdHlHeFVhRlBLaWcydGNhVy1wU2lRb2JaWkNIOFo0ZnZfMWRVNzMtZl92OEgwVlBVVU5TRjc0WmxtM04tano1Z0pWSlYzcy1fNWczcHRB?oc=5
2026-09-30T11:21:27.000Z,ship_incident,medium,Iran’s Navy Chief Says Naval Power Safeguards Strait of Hormuz Shipping Routes: how 14 outlets framed it,,,,NewsCord,https://news.google.com/rss/articles/CBMi4wFBVV95cUxOYXJ5bDIwbmFWNlluSkR0Sm9KLUlkSzNtU0poUnloalBQZDNFN2QxRlhleFc0ZFZ5TmdLYXlEUl9FZzNWdnhOVXJINHZSaHlPVV9JTmloT3VOekVzUl9JZG05V2o1cWhVdGJveUhiY0ZSdzlib3BrZ3ZTcFY2a004LThIaC04TTByRGZfelcwVEh3SktvbWJnMkJ5NDRxaVZqWXhfdVNLS0Jla2cyTGpabHZMRnk1VTM3QVg4aGVkTVM4WVpiVXJjN0IzN0tLS05xSkhMMC1OSUVDWGJaLVZZZlE5Yw?oc=5
2026-09-30T11:27:54.000Z,ship_incident,high,Oil tanker hit by unknown projectile in Strait of Hormuz: Maritime agency,,,,Muslim Network TV,https://news.google.com/rss/articles/CBMipAFBVV95cUxQN1hHUV9nSk01RFY0UGo2dHlsV0xkc1IwbUwwRXFlLVZCc3BOQkNpQW5qUFBfNTlnRnF5emg4aGhTUE0zc2NwZFU3VUNOVm4waWk5dmRHeHlYVTV1aWNJVHVwbU1lLW1HUnFCTmx6UUt6NVR1RjFJZWdoSDBQek40OGItOFRXX1dmcUZ4ampCYkxJTHE4WkFMZ1lLWUFfaWgyRG1KWQ?oc=5
2026-09-30T11:38:14.000Z,ship_incident,high,Ship Catches Fire After Being Hit By Unknown Projectile In Strait Of Hormuz,,,,Marine Insight,https://news.google.com/rss/articles/CBMiqgFBVV95cUxQYUhFTmJOTHJfbXZqS2JDWlo4bXdKQmZUXzFlZFR3aERwZHM1ZV9qLW9yYUVyNzhTZUJlaXRsSExKaVliRmc4V1EzS0lJTGhJR3FsQVlLZTlaYWoyN2RUdHEwak1HUmlTYWVhZFU3ZGZJRU9tQVlHRjN4VlJyQ0hxMldWOVRLNnp5SE5XMTJuMmhkSVZUd1pISVBPTjZKOF94Q09PT0dfSHZBUQ?oc=5
2026-09-30T11:50:18.000Z,ship_incident,high,UKMTO reports three tankers struck in Strait of Hormuz,,,,IntelliNews,https://news.google.com/rss/articles/CBMipAFBVV95cUxNMm5mZ2NrUy1lTmFoM0FhZnhwODBLX1lJbjZvdlJyb0twSzA3djM4dzJLcVJqWExPNHRTY2RNR05HdGF4NDRVZWZTcnpFdnRELVFaWUx2aEt2OWdDal93akRiSEkzRDNpME9KNXZodTBNLTltRGJGUmpXYl83UDNhWjQ5ekZfQ25vc09JMENKUXZIVFkzcXc3cnVzYkJRMUtnd05USA?oc=5
2026-09-30T12:04:42.000Z,ship_incident,low,Iran Received The U.S.'s Latest Ceasefire Counterproposal. Tankers Were Reportedly Hit In Hormuz Shortly After.,,,,International Business Times,https://news.google.com/rss/articles/CBMiwwFBVV95cUxPdTRRZHJUQlBVM2w1c1c2a2hoU1YydGlNSENQanRmWVJtdl9FTEpsZldOcXB3d2Z6cDlVU3pRdlYxTFBST0dNd21PMVoyT1NIQmg2eFBnZ0ltNmNHTFNFUnJlbUFvd2x3dFdkYzAxM2dRZVR1bENwbndYVTJyWXVWTDY2UEhZTWtPRWpjRkg3Tml6azh5VWZDNE1lZkxzelRqeTZyRnVieG9ubGVmU0xJNG1RYWpXY1pDVWNSOXRCYkpkanc?oc=5
2026-09-30T12:05:45.000Z,ship_incident,medium,Is Iran losing its leverage over the Strait of Hormuz?,"Crude flows through Hormuz have recovered, but tanker insurance costs and geopolitical risks remain barriers to a return to normality.",,,Al Jazeera,https://www.aljazeera.com/news/2026/9/30/economic-war-is-iran-losing-its-leverage-over-the-strait-of-hormuz?traffic_source=rss
2026-09-30T12:12:15.000Z,negotiation,low,Reopening the Strait of Hormuz leaves US with mixed success,,,,UnHerd,https://news.google.com/rss/articles/CBMikAFBVV95cUxNRjcyOXpwOUhaSmNNbFlCQ0Q4TWRCTXktN3A0VmVBV28wbWNtZnFWMGFsZ0VZM1VHWGdfRFR1d2lGbE5oQTJLS1NUR0J4ZWYwek1BeHlqVXM0QWJMd2hZRFlmV251WnBsVTAzQ21YelYtcWRUbmhkQ3kyNmtJN0xTaklrTkYxTkFTU1lvOTJERzc?oc=5
2026-09-30T12:21:45.000Z,ship_incident,high,Three New Vessels Were Hit In The Strait of Hormuz. Oil Prices Are Climbing Again.,,,,International Business Times,https://news.google.com/rss/articles/CBMipAFBVV95cUxQRlMzWGxyZnpqVVVENVNXZEprMHJ0TUlwTXdlZXd1Q04tcmxEOUlydjdFYTVhZFJnOEdfdUotenRhX2ViRHdDWVlJVTA3RFVNR3dseXNBbUlkNFVIRVBXSTRsVVYyNXhNSTB3cDBPVEVDMFYyT2tMa0JvT1FsWi1BM1JpTUhacUF2T0puU2loQWEzbTRTWTQ4TWdtbUU1c2hnOEpDYg?oc=5
2026-09-30T12:27:38.000Z,strike,high,Three vessels attacked in Strait of Hormuz on Tuesday: UKMTO,,,,Türkiye Today,https://news.google.com/rss/articles/CBMipgFBVV95cUxNUHRjU1pYU204VUo3TFlLOU1NSG9PMXIzWERtWllxOW5fZVVzRHBXWjlsSFdDZnFXQXdEb0NGNkx1bjlBdXktSDhqd2dTcWhCUHMzRXFDelEzTW4xRXB0VWNDbDdQa1N1SzRWZk1lTG1YX1E2clhwNGx6YVZiajdqd3l0VWZrZGJBOUZKOGNHVjZEZjcwb2Z6S3EwWHg0cHduRGQwVjh3?oc=5
2026-09-30T12:41:00.000Z,strike,high,Iran’s IRGC says it attacks ships daily in Strait of Hormuz,,,,middleeasteye.net,https://news.google.com/rss/articles/CBMi7gFBVV95cUxObEJvTHZtTkJySGRoOUJJanYzS2Ridzg4QVVWVE44XzhvZGI0UFdMMGJXZ0Facmp5UW9idHlOWlRnRXdlRVRCbFZrVEp6ZXRXY2RLNHhDWHktQlVIMUcwMDY0cjgtSWlUeFJ4T3UzQXlVZTdZNHRWRnRKSkFpblJqRVFIcW9PMXJjQTBrcHVmd25FeENHeUJPT1NMQzNUVFl1UDBWYi01cWM3SXZ1Q3d3b1U2U2Q3N1ZpdFp2a3U4MG84bVhoTVJ1Y3AteE94emo3bnRzeVcxRzY5Z2NzdkZBcVp6blhkSWFZX1pTVXRn?oc=5
2026-09-30T12:56:00.000Z,strike,high,Unknown projectile strikes crude oil tanker in Strait of Hormuz,,,,AzerNews,https://news.google.com/rss/articles/CBMiVEFVX3lxTE9LTGNZcFZuZXdSaXgyQzEwdEJEeFlWbHlGRFR2b0F0MHVvWWpnd3RfMGEtejJfMi0zRVN5SENQVXd1Sjk0c3lITXdBUUl0bHh0SlJ1Rg?oc=5
2026-09-30T13:32:12.000Z,strike,high,3 ships attacked Tuesday in Strait of Hormuz,,,,L'Orient Today,https://news.google.com/rss/articles/CBMingFBVV95cUxOeTA1ZEFSSU40STY2REpNQUtiMlFBWWFUUlRSazM2OGJ1TDhtSm13bjVTa3dvLVNic0hWYXE3MVg3MEJDcHVOb09hWXVvbi05UUdia0lGbG9BbENobmJITWJTUk9XR01nYVcxcFlhekxUYU9zdVNFaDZ1Rnd2UHVxeG5nR1YyalBNSDNkX21VQ1hMOHFJb21TSC14dHRNdw?oc=5
2026-09-30T13:40:09.000Z,ship_incident,medium,Iran’s maritime transport remains operating despite sanctions,"TEHRAN, Sep. 30 (MNA) – Minister of Roads and Urban Development Farzaneh Sadegh has described maritime transport as an important manifestation of Iran’s economic and diplomatic strength.",,,Mehr News · Tehran state media,https://en.mehrnews.com/news/248218/Iran-s-maritime-transport-remains-active-despite-sanctions
2026-09-30T14:04:06.000Z,ship_incident,high,Shafaq News..Three tankers hit in Strait of Hormuz,,,,شفق نيوز,https://news.google.com/rss/articles/CBMie0FVX3lxTFBRZjEtcldvaVVSNjBkRmIxb1hUMl9iQkhDazJjeVlIdDFfM3paUGN4bUQyU0dkYUlXRnpPQ0VQdnBzdWxaY012QjZNZ1MwWmM5cVVfWEJSOVA4ZEVLdXpnU05XTmJyYUZmdzJmR0lxakE5aGoxZW0yQ3htbw?oc=5
2026-09-30T14:17:54.000Z,ship_incident,high,Two Tankers Struck in Strait of Hormuz Amid US-Iran Navigation Dispute,,,,Palestine Chronicle,https://news.google.com/rss/articles/CBMiqgFBVV95cUxOa3l3VEtndDhhQ3U0OHliWTQ0S1NpMkF5QXJRd0MzR0VwYnFFaDBBdmtOMFJ6NjRSYkx1eUNHbUNOSEM5cXZxX1JBc2N4LWVPNDZET1JsNU5kdWJxSTh2MTg3UWROR2tiT3hudUhfRXJadmh5R3dSZWNIc3JkMlg5djlIZ0dOVTRpZEYzODJHX1hrRUdTcUNPdUFDUU41Q2ZXNmowRUZYTDE0UQ?oc=5
2026-09-30T14:34:01.000Z,negotiation,low,Iran reviews U.S. ceasefire counterproposal as Strait of Hormuz terms remain unclear,,,,WKRC,https://news.google.com/rss/articles/CBMixwFBVV95cUxPQ1pGUFoySUl6bFhGMFp5VXNfWnVOU3NkSW5mcU1xSzR4M0I5VDhrdHVWTi0zZV90QjFfZlVEdXh6c0hLMjNlaWJEclVYWS1FWm9DQjFLY1ZBenFUV2x0RmtkOUNkMGxaYXVNNEZmMjZCQWxxeUc4OFN4TllPUXc3dTRQZ0tzLVpsSFdtTks0aDBHZDdzWHpucXJNWEVidFZTMmxJTDRkV2E3MDljSVI3MEV3QmlHZDRpeGhCT1FPa3IzYnQxTzU0?oc=5
2026-09-30T15:05:40.000Z,negotiation,low,Iran receives US reply on Strait of Hormuz deal as rial hits record low,,,,Pluang,https://news.google.com/rss/articles/CBMilwFBVV95cUxNcUs2LTBJMkdqb1pidlpPMEE3UjVOLThzcE5pZnM3elNhdzZRcjZvLTluMG5LcmlzRXM1elJ0UzQwT3UtVDlKd3VQMnk3RkVrWjhIM0JfalhsalpoMmZUUkJtTUthc1B0RHZKVUVuM1VlR1dRUjRLX1Y5N0VqZF9hUEhydnZnMDN0MzRQRXB4elNNc1p2NW9B?oc=5
2026-09-30T15:15:33.000Z,ship_incident,medium,Photo: Cargo Vessels Anchored in the Strait of Hormuz - IRN2026092925,,,,upi.com,https://news.google.com/rss/articles/CBMivgFBVV95cUxPQVRxTloydnIxSFBpaUhXMXVNR2d4cllLLVJNaXowbXZMZkZCUXY3WE5wTFhERm5ydWVINk00NVNaUkZnWFBVcFJwYV9SeFZnc3VhWEViWjB1djQ2QUc1YWZiWFFxU3lqeXFSU3htQ0ZZb0RpSHl6WlNyVWJlSklJYnlTVlU3V2VibVk2Q0k3MFE2cUZJQXcwNXlMNTdmbTN2OV9iUGJmUkU4bE5yaUxmQzV0dGR6VVNfXzROak9R?oc=5
2026-09-30T15:36:09.000Z,strike,medium,Three More Tanker Attacks Surface in Delayed Hormuz Reports,"Three more attacks on tankers in the Strait of Hormuz have surfaced through delayed reports from UK Maritime Trade Operations, adding to growing uncertainty over how quickly incidents in the...",,,gCaptain,https://gcaptain.com/three-more-tanker-attacks-surface-in-delayed-hormuz-reports/
2026-09-30T16:20:21.000Z,ship_incident,high,Three Vessels Targeted in the Strait of Hormuz,,,,IranWire,https://news.google.com/rss/articles/CBMiiwFBVV95cUxNc3l2VWRrZGZXQ1I3SWptS05mekc1aGFiRkltV2FqRWRpaXZqa3g5N0QySnJ2ak92Mk1HdmpVeUhuQ2hvZlItME5rbjZ2dERkUS04VzRMbmNvOFZEQ2FFTV84WHFQTEFEc2NpdnAzVTEtMzFJYVJhN1ZueHJqcnJKeW15UmxqWHdTQm9j?oc=5
2026-09-30T17:39:17.000Z,ship_incident,high,Unknown Munitions Hit Three Tankers in the Strait of Hormuz,,,,Межа. Новини України.,https://news.google.com/rss/articles/CBMiakFVX3lxTE5zYmtWalpYUG1tYkJvZ3NfTWs0c2doMk9PYlZjeG5KazJKdFpZMTYzUGVLa05qU3VoZTJmY0wwdWZOZzFOWnhKSGw1QUthUTg5NnNNSDk3cVo1Skdsb1l3X3VMVTVySGpPTVE?oc=5
2026-09-30T18:17:24.000Z,ship_incident,medium,"Crude oil exports through the Strait of Hormuz hit prewar levels, but fuel shipments remain constrained",It is unclear how long the recovery can be sustained given that it relies on the U.S. military protecting tankers in the Persian Gulf.,,,CNBC,https://www.cnbc.com/2026/09/30/iran-war-strait-hormuz-gulf-oil-fuel.html
2026-09-30T18:56:11.000Z,ship_incident,high,Three Vessels Struck in Strait of Hormuz as Iran’s Grip Loosens,,,,The Maritime Executive,https://news.google.com/rss/articles/CBMipAFBVV95cUxNM2JtZVdvWWNSZlFZemRsZDRjazJNemVXNUVud0tLN0ZONkdnMnlwa056ZjZpRkZWSXVuMHFKR0xMc0tDQ3ZBa3lSWVc0OElyLVJLc1NRT2E3eUcwNXhCeTZRNXViNG9zMnpWZ1ZpaU9RT09Va0JtTmEzcU1pRVdXb252U1J2dEhOMmZ4eTNoRlNKbmNBa0NSVzl1QWl6SjlmMlpPdg?oc=5
2026-09-30T20:22:33.000Z,negotiation,low,Iran reviews US ceasefire counterproposal as Strait of Hormuz terms remain unclear,,,,WLUK,https://news.google.com/rss/articles/CBMiwgFBVV95cUxPaThNc0taaUlGdVctOE1ROTl5bjZaeUhiNHotaW5LdnFqVW1pdTcxcW5ZcUVfQzBwY2NJOThHQTZ4XzhhU0ZLM05yajVEem9odi1OM29fSlc5RHZKM2JCZlNaUEJ6aVN0REt5OTNSMjl4R1YtWklDMHRWNTFpZHhYX3RmZTFYNEpsSndjTkVsaWZBSG4yREw2Ym85YnRhdEhGOXNXMGpHNDl2MzhuQkNTQVpXMmZSZEFuOHhmZ1E2T1plZw?oc=5
2026-09-30T22:30:00.000Z,ship_incident,medium,Is Iran Losing Its Grip on Strait of Hormuz Traffic ? | Hellenic Shipping News Worldwide,,,,hellenicshippingnews.com,https://www.hellenicshippingnews.com/is-iran-losing-its-grip-on-strait-of-hormuz-traffic/
2026-09-30T22:52:30.000Z,strike,low,News Content Hub - Trio of tankers reportedly attacked in Strait of Hormuz,,,,rivieramm.com,https://news.google.com/rss/articles/CBMipwFBVV95cUxQS1dIb0wyTnlOaUNqQVRQZmRfSHhwcENubnNSTERxZElaTUgxbEVzYU9CZGNZcnRQQ2FIZjRtZHAzdWZVa1RHTlBmX2c5R09WQXhILVc5YnVPekFxNUZSclBwNEZtZldmUDVkTlVkbk1jZlV6bXNUSUZmMHltbFZSNFB4NFFDaU9BU0lla3RSd28zZ1NCdll0ZHVHS21vU2gwVHBpOC1oaw?oc=5
2026-10-01T03:37:14.000Z,ship_incident,low,Middle East crude oil exports near pre-war levels as shipments through Hormuz Strait rebound,,,,巴士的報,https://news.google.com/rss/articles/CBMi3AFBVV95cUxPeGhaYy1IWHNSNXVUXzJ0RjdXWG1wNEp5OWl3YzBRc3p4SGdmTUt2MTRHSzkyaXZUNi1ObzNwZVBtMF9tS3lINmd4VDJRYU9RenlNOTJQV0ZzbVI4RWxXbVRUbi1oalF0MzJ0U25oT0ZQYjk5dUNUY0VycFJoV1Rrem1nSVZSSzRHbldjeGhRcldqZmp4aUVSZHhEM0g2LXpKR1dYcjRRNDJweWJseThTZENKU1BvUmh4RnZaU2J2UTJ0dVk4bGJIdWRNN0pNRjh5WkE4SnRhdkFjVkxI?oc=5
2026-10-01T03:45:00.000Z,ship_incident,medium,U . S . redirects 125 commercial vessels since Iran reimposed maritime blockade – CENTCOM,,,,trend.az,https://www.trend.az/world/us/4229861.html
2026-10-01T04:30:00.000Z,strike,high,Three Ships Struck in the Strait of Hormuz as IRCG Says US Isnt Responding to Attacks,,,,news.antiwar.com,https://news.antiwar.com/2026/09/30/three-ships-struck-in-the-strait-of-hormuz-as-ircg-says-us-isnt-responding-to-attacks/
2026-10-01T05:47:05.000Z,negotiation,low,"UPDATES: US War on Iran, Day 217 - Trump Rejects Tehran Proposal to Reopen Talks and Strait of Hormuz",,,,EA WorldView,https://news.google.com/rss/articles/CBMitAFBVV95cUxNTE9JM0lyeFJRQzZlWExfRllYYmloX0ZCZ0RCYzU4a2xXV1l0MVRhN3JFOVd4SnJacnprTTdhOXYtQXZETV9GWEV1YXkwZHdHZTVoanFTOU4taHVPaFVmNUdqMjgzd0xRWmdMT1ZmVlkxZFFFZ1RBS1JvU1Z2bHl4YlRLcW1zaHNIMkhmN3pCR2VHeEdkTDZTVEJNUHpYMDRFT2hmQkpXWTFLazJJOGJMbXhoSlg?oc=5
2026-10-01T06:07:07.000Z,strike,high,Three tankers attacked in Strait of Hormuz: UKMTO,,,,巴士的報,https://news.google.com/rss/articles/CBMiogFBVV95cUxOcHJhbHY0Z0tEaGlJN0xCYk1OZ2duS1RiVzhOLS12ZTR0eWpaYi1lNzJ6ZGlkUnltQnRrX0tJVHN2cEpuNmpjY2ZpLXVaZXdOc2VfVV9UTzUxeHBObVBOODZlcGhUeHFHOVJhMDgyNmt6XzdTVVp2ajR3LXpBM2R5N2Z4WXM5ZUFuQWtRLUpldi1QdmRkVkNyZHdGR3lTbDQ0M0E?oc=5
2026-10-01T06:17:00.000Z,ship_incident,medium,"Three oil tankers hit by projectiles in Hormuz strait on Tuesday, Marisks says",,,,Reuters,https://news.google.com/rss/articles/CBMiwAFBVV95cUxNMGxqUHRGWUpFZWo3eVZkQ1NnR2NZM05rLWhoWHNOOE5IaGhwSjk4QlNXRi16Q1BGYVlMc2VPWUh6dm55bHluMjg5WGxvY0dfcmdNcDJIaGc5UjFwaXVpZlFTd21VZDU5dkdpZUtteEtQVll0M09hVHRPMG4wZU56UlNMMjIxREx3dmJZOVNFZjE3R0ZrQ3Q0R0VaazBjWk9LcS1UOWR2S1BfRmc2M1FIeU1Qa3liNHZRcFJINWtYQ1c?oc=5
2026-10-01T06:18:00.000Z,ship_incident,medium,Indian oil refiners change strategy to get cheaper oil; hire ships & tankers to sail through Strait of Ho,,,,The Times of India,https://news.google.com/rss/articles/CBMinAJBVV95cUxQR0w1RzZNa3NGMTJUQm9qaEsxaEd6VnBhcXVDRVlVZ1lsejlEOHhJaUJCUlNVaWpiOEtwa015d1FKQXlkMHp6TkR4V3ZqajRYVENTQWJ1enVWNzkwM3Q0aElnOUJ1UEZzWDVIbmFsTmV4LXRSREt0YkRQX1pJR01ndldjNm1UVWR6WGpxaDVVSEVlV0d4WERwVWJWWnFfaHNEbmZTSC1lYlZuWjd1X0s5a2c2djBuemdTMVVvRF9CeUx0TXR2V2JfdERiRllyMjJqZzdiVmFhN1NaeFlvU0VELVUwd244a3dhNVZNNUpHWWNBOGYzaF9rbXp5TkhXc1BkdUJPaTFodW1KYWdDdHZ3eGZkdmRLY19jS3NjS9IBogJBVV95cUxNWkh6TEhlb3VWOHMtR0RJaHJ6UFM4bFd4XzIxekxlakRDa0JROVc0ZTFYNTFfSGVjZVpjRDUyTW40VTFUYWhQLV8zeEtobmZNVWpYTURPNXZ6bVFKU0Y4d3Z0MXdfM050dmpzb1B2Qkg3Vmo0RkdDeWtUd1RNNTM0OFE0ZHc0SVhPSS1DWk05amZpaF94UUJXTU83S2pjRmVvY0g5ME8wNUdiM0Faci1lYkZjZXdCQVJ6Q003eldrZFJYcmc1dV9CZnZXZTQ2aG4yRmI4Z2ozZHBxNnhWNDlvN3JtQWxCbVZESGNEbUFyTkV6blpIOXhhUnBySHNzdVBRbDNYY2Z0QUNVZ1dnZEhZVHdEc3U0UzVoMG1KbkVKRm9pUQ?oc=5
2026-10-01T06:30:00.000Z,ship_incident,medium,"Indian oil refiners change tactics , hire tankers to sail through Hormuz",,,,business-standard.com,https://www.business-standard.com/industry/news/indian-oil-refiners-change-tactics-hire-tankers-to-sail-through-hormuz-126100100364_1.html
2026-10-01T06:57:03.000Z,ship_incident,high,Three oil tankers hit by unknown projectiles in Strait of Hormuz,,,,Latest news from Azerbaijan,https://news.google.com/rss/articles/CBMijgFBVV95cUxOVzlobDZQSUZXaGtsdXpzQUZ1V3dXRlk3TV84WnA3Szl4U1JrczN2U2UxZGhxRFJYZHF4VkdPYU1nTUd6M3ZDVDF1UzBDZEZsTDdnZ21VeVU1MXFKMjJhaDhDNm1GbG1Yb092a2NaS1RRWlJqNFhMT1k4bHNOTzJkb2prWUVrblItY2NTMUFB?oc=5
2026-10-01T07:25:00.000Z,strike,medium,Vessel Attacks Resume in Strait of Hormuz as Middle East Crude Exports Recover to 80% of Pre-War Levels,,,,finance.biggo.com,https://news.google.com/rss/articles/CBMidkFVX3lxTE9YR0EwV0ZHX3hxVDZrbkZfUUh6OTkwSS1sVmpodG8yZHlMM3J2OGxpYXlpQVRtUzE3NU1uYWFvYVExS3NqNTFwR0FCcXQxb01DUGl2YmZWaDhnekllc09TVm9kZGN4OXRpV3FLUXZNZ1JhQ1FPVFE?oc=5
2026-10-01T07:37:06.000Z,ship_incident,medium,Premier Alliance joins accelerating return to Suez,"The Premier Alliance is preparing to send one of its Asia-Europe strings back through the Suez Canal this month, adding fresh momentum to the container sector’s retreat from lengthy Cape of Good Hope diversions and sharpening concerns over how much vessel capacity a fuller Red S…",,,Splash247,https://splash247.com/premier-alliance-joins-accelerating-return-to-suez/
2026-10-01T08:50:19.000Z,ship_incident,medium,Three Oil Tankers Come Under Fire in Strait of Hormuz,"Three Liberian-flagged oil tankers were struck by unknown projectiles when transiting the Strait of Hormuz on Tuesday, shipping intelligence service Marisks said.The vessels had been moving through the strait with their Automatic Identification System transponders turned off to…",,,MarineLink,https://www.marinelink.com/news/three-oil-tankers-fire-strait-hormuz-543387
2026-10-01T10:27:39.000Z,ship_incident,medium,Tanker Congestion Shunts Vital Oil Transfers Farther From Hormuz,Persian Gulf oil producers are shifting critical cargo transfer operations even farther out of the war-hit region as waters just outside the Strait of Hormuz become congested with tankers.,,,gCaptain,https://gcaptain.com/tanker-congestion-shunts-vital-oil-transfers-farther-from-hormuz/
2026-10-01T10:38:58.000Z,ship_incident,medium,Indian oil refiners hiring oil tankers to transit Strait of Hormuz in change of tack,,,,ThePrint,https://news.google.com/rss/articles/CBMiuwFBVV95cUxNdlhHMkZoYUJnUi1iaDJmRkJmU0kzS0FpdnpFRXFNbjlpeGs3elZWLWxQejVrRnJ6YjkxVzFQbXNLZ0ZVVXZjd19YVWRmSzFkU0xjRmg1Mk5TOVN4ZUZySmVzQXJZVVp6bGZNMmVRYmh2dDdvQmloay1NcjYycTU1aUhuRTFSVVpDdFYtU2hnMVVERDZVU1huZE9EdmJNRy1IYkIyRWo4S3RjMHM4Q0VsT05HTFBVNEpYaGhZ0gHAAUFVX3lxTE1vVjhhSXQ4QlZNX0tsTlJMZXFTcXJBS1g5U0o0VlFUR2dGYlY5bUUxUVhnbEswN3V1SXJCUGNCYlllZWVVNkNGdnR1STlHOWlNeXpHUzRyS0NLT1dtZy1EcnJCY1B5RFNNMGRyaWtrQ09tMVdEd2JQQlUyc3hNZ1E1SDRCdWVEdmItclZiTHI0b1N6NS1PUTl1azVqLU83RlZMa1VFeVlsVExFQ0VTdXZxZ2NzYUxhbFlIVW9vV1d5OQ?oc=5
2026-10-01T11:30:00.000Z,ship_incident,high,Three Tankers Struck by Unknown Projectiles in Strait of Hormuz,,,,Crude Oil Prices Today | OilPrice.com,https://news.google.com/rss/articles/CBMiuwFBVV95cUxNRmNnb09iWVRkTWdWSjlUeWFUUXVkVzF0U3M3RkRRSmRIOG5GQ0JwaGVSMi04MXk3TGRMdDh0cExnSU93NnlGOUpJaFptUW1KYXp3M0ZfWVlud2lNN1lMTm10VkJ3MkVCbThJbVUweXZJcWMydlpBQnZlOXJJWlJzUHhYRUFCdkdUTTh5cmJpOV92LUNkc3ZGano3dW54VnJaSHFHUlBReDE5by1QNTlQSE5xbXl1U2MwdENJ0gHAAUFVX3lxTE1kcTdGRUIzbUoyOXdzNTF6ajlsMUYtaV9WZG1sSkVDMXFFNjBERlZZWmxSbVNvclJXQnQxSHh6dk10eTB5VHFYdk5uX0QwOXFXUWZoQ1loQU1QUXV3dm9vYlZmOGk0M1lyZXdqMUZhWG1hZDkzdWlMREJaUWVMem8yeW5uN3Z0d2VpaG5mWnhORnpqdTAtSmstTU5VTmtIcHh1d1JGSVFPZEx5djlBYmJnVXM5cjBRSVhxcnhTVUFKRQ?oc=5
2026-10-01T11:45:53.000Z,strike,medium,Strikes on three tankers reported in the Strait of Hormuz — OilPrice,,,,ua.news,https://news.google.com/rss/articles/CBMimAFBVV95cUxNUDdnOXpwWDF0REdFbklsbnpBeGdMdDgzdDlHNkpCdXJOaGRSRHdYTkF5MXFWdGdsOFhZcjktRXlsc05rUDNzQlJhcEpDa1NjbWs3dlRUM1llSjRYdm5wU2RBb3RKTUs3MlJkRmVYaFE2RWw3MHRfZVJFSUkzMFBqeGt5c0xUaUxDaVJDc0d2RUxDNC1DZ0NGcw?oc=5
2026-10-01T12:15:00.000Z,strike,medium,Hormuz standoff continues as Iran warns US attack is suicide,,,,bankingnews.gr,https://www.bankingnews.gr/diethni/articles/902655/hormuz-standoff-continues-as-iran-warns-us-attack-is-suicide
2026-10-01T12:28:13.000Z,ship_incident,medium,"3 Ships, Including Crude Oil Tanker & LNG Tanker, Struck In Strait Of Hormuz",,,,Marine Insight,https://news.google.com/rss/articles/CBMipgFBVV95cUxPbjR3cW1zM3FxQ0JSdmFHSlFOTTdfNzB3WXM3dnN1MHI1UWJBZlBIeTNkd185azRoRWJUbXhjX3RGdDNfcEktbl9CNkpsRlZjTnNaTTgwSnEzZ3RMZ08yUXlwYkpqUmhPeU9rZXl1NWRYYVMwMHkxSFVZNS16bGJKT2xOR3BnbHhiV3habnRtRTFnY3VnOGQ5NTBtenhCdnlGblRUV213?oc=5
2026-10-01T12:45:49.000Z,negotiation,low,Saudi Arabia Resumes Crude Oil Loadings At Red Sea Port Of Yanbu Amid Strait Of Hormuz Disruption,,,,Marine Insight,https://news.google.com/rss/articles/CBMixwFBVV95cUxNN0dQS0lLTy1UajlaSEN2bERuOE1aVHJTdC04NlpxOENEZVVxWEVIWWZ1X1c3RDBwNVNNN2o1MGZOTlgzV2NFem5TamVIMG1oTDB3eF9DZEstNlJhd28zMGpvZ3ZRamtSbWlWYTVvdUdXZ1VXNjM2V0o2d2ZkRndEekVzaGRDeGRYWWRsaHRZMUYxcVRYZ3NjdDhnRXlOZkhyMmZSeTh4X3dKUGoxN0pSQmJWTDgxVmhZei1OdGpSX3puRTRjNFVF?oc=5
2026-10-01T12:54:54.000Z,strike,low,Iran claims seizure of US Navy minehunting drone in Strait of Hormuz,,,,Baird Maritime,https://news.google.com/rss/articles/CBMipAFBVV95cUxPVWdlTS0yYUx3bkZHVmpVcTRuNzZVdG9lZ1BpT2x0azViaWRUd3VKMTlTZnd5WEQ4Rkh1bUhscUNMb1ZtM1NMaWlOSXYxb0xMcDFybm1ZOW9wcGVCOFRpNXp6SUpoSUlkY3ljemFpeGtrcm9LOE9YcUNwMmZuRHI1OUtiQUhHYWZVa1A3VUR6TFRtTHFTTElyWjFGWU9KLU1UTW9ZR9IBsgFBVV95cUxOTVF5LTUybGZKVFc3LTZUV0NSbm1sczZ5c3J4b08tNmVwS1RLaVpwNFRiUUlmUEowT1ZxUnRVT2ZyZ3hMUXVNZ3dFTmFRWWptUjREcXA0dE05TUV6WWpoeUdHVWNDMVA3NFUxSEd0UXdvSUN1Wk1qSFJQN2JXZ1lxdmhtWHhCMUlVaEt6ME40anVrazBnTF85dXpjOFJ6NHJUMmc1aDh4QlBkOVlRcGpDRk9R?oc=5
2026-10-01T13:00:00.000Z,ship_incident,medium,"World News : Three oil tankers hit by projectiles in Hormuz strait on Tuesday , Marisks says",,,,gdnonline.com,https://www.gdnonline.com:443/Details/1408256
